id,Épica,Tipo,Historia de usuario,Criterios de aceptación,Valor (1–5),Riesgo (1–5),Puntos,Prioridad,¿Trata datos personales?,¿Requisitos de seguridad?,Sprint previsto
US-01,Acceso,Historia de usuario,"Como estudiante quiero iniciar sesión para acceder a mis cursos y notas.","Con credenciales válidas permite el acceso y con credenciales incorrectas muestra un mensaje.",5,4,5,4.6,Sí,"Autenticación segura y protección de credenciales",Sprint 1
US-02,Acceso,Historia de usuario,"Como estudiante quiero cerrar sesión para proteger mi cuenta.","Al seleccionar cerrar sesión se termina la sesión del estudiante.",3,2,2,3.8,Sí,"Cierre seguro de sesión",Sprint 3
US-03,Acceso,Historia de usuario,"Como estudiante quiero recuperar mi contraseña para volver a acceder a mi cuenta.","El estudiante ingresa su correo registrado y recibe instrucciones de recuperación.",4,3,3,4.2,Sí,"Protección del proceso de recuperación",Sprint 2
US-04,Perfil,Historia de usuario,"Como estudiante quiero visualizar mis datos personales para verificar mi información.","El sistema muestra los datos personales registrados del estudiante.",3,2,2,3.6,Sí,"Control de acceso a datos personales",Sprint 3
US-05,Cursos,Historia de usuario,"Como estudiante quiero visualizar mis cursos matriculados para conocer las asignaturas que estoy llevando.","El sistema muestra los cursos matriculados del estudiante y sus datos principales.",5,4,5,4.6,Sí,"Acceso autenticado a información académica",Sprint 1
US-06,Cursos,Historia de usuario,"Como estudiante quiero seleccionar un curso para consultar sus evaluaciones y notas.","Al seleccionar un curso se muestran sus evaluaciones y notas registradas.",5,4,3,4.6,Sí,"Control de acceso a información académica",Sprint 1
US-07,Notas,Historia de usuario,"Como estudiante quiero registrar una nota para mantener actualizado mi rendimiento académico.","El sistema permite registrar una nota válida y asociarla a una evaluación.",5,4,5,4.6,Sí,"Validación y autorización de modificación",Sprint 3
US-08,Notas,Historia de usuario,"Como estudiante quiero modificar una nota registrada incorrectamente.","El sistema permite modificar una nota y valida el nuevo valor.",4,3,3,4.2,Sí,"Control de modificaciones",Sprint 3
US-09,Notas,Historia de usuario,"Como estudiante quiero visualizar mis notas por curso para conocer mis resultados.","El sistema muestra las evaluaciones y calificaciones correspondientes al curso.",5,4,5,4.6,Sí,"Acceso restringido a notas académicas",Sprint 3
US-10,Promedios,Historia de usuario,"Como estudiante quiero visualizar mi promedio actual para conocer mi rendimiento académico.","El sistema calcula y muestra correctamente el promedio con las notas registradas.",5,5,5,5.0,Sí,"Protección de información académica",Sprint 3
US-11,Estimación,Historia de usuario,"Como estudiante quiero conocer cuánto necesito obtener en una evaluación pendiente para aprobar.","El sistema calcula la nota mínima necesaria considerando ponderaciones y nota aprobatoria.",5,5,8,5.0,Sí,"Protección de datos académicos",Sprint 3
US-12,Estimación,Historia de usuario,"Como estudiante quiero conocer mi nota final proyectada para saber si aprobaría una asignatura.","El sistema calcula la nota proyectada y determina si alcanza la nota mínima aprobatoria.",5,5,5,5.0,Sí,"Protección de información académica",Sprint 2
US-13,Estimación,Historia de usuario,"Como estudiante quiero simular diferentes notas para conocer posibles resultados finales.","El estudiante ingresa una nota hipotética y el sistema recalcula la proyección.",5,4,5,4.6,Sí,"No almacenar datos de simulación innecesariamente",Sprint 2
US-14,Seguimiento,Historia de usuario,"Como estudiante quiero visualizar el porcentaje de avance de cada curso.","El sistema muestra el porcentaje de evaluaciones registradas respecto al total.",4,3,3,4.2,Sí,"Acceso autenticado",Sprint 3
US-15,Seguimiento,Historia de usuario,"Como estudiante quiero identificar los cursos donde estoy en riesgo de desaprobar.","El sistema identifica los cursos cuyo rendimiento proyectado está por debajo de la nota mínima.",5,5,5,5.0,Sí,"Protección del rendimiento académico",Sprint 4
US-16,Alertas,Historia de usuario,"Como estudiante quiero recibir alertas cuando mi rendimiento académico sea bajo.","El sistema genera una alerta cuando el rendimiento del estudiante se encuentra en riesgo.",4,4,5,4.0,Sí,"Notificaciones privadas y controladas",Sprint 4
US-17,Historial,Historia de usuario,"Como estudiante quiero consultar mis notas anteriores para comparar mi rendimiento.","El sistema permite consultar el historial académico del estudiante.",3,2,3,3.8,Sí,"Acceso restringido al historial",Sprint 4
US-18,Seguridad,Historia de usuario,"Como estudiante quiero que mis datos académicos estén protegidos.","Los datos académicos solo pueden ser consultados por el estudiante autorizado.",5,5,5,5.0,Sí,"Cifrado, autenticación y autorización",Sprint 1
US-19,Conectividad,Historia de usuario,"Como estudiante quiero consultar mis últimas notas cuando no tenga conexión a Internet.","El sistema muestra las últimas notas disponibles almacenadas localmente cuando no existe conexión.",4,5,5,4.4,Sí,"Protección del almacenamiento local",Sprint 4
US-20,Errores,Historia de usuario,"Como estudiante quiero recibir mensajes claros cuando ocurra un error.","El sistema muestra mensajes comprensibles sin revelar información técnica sensible.",4,3,3,4.2,No,"No mostrar información sensible del sistema",Sprint 3
US-21,Configuración,Historia de usuario,"Como estudiante quiero definir la nota mínima aprobatoria.","El sistema permite configurar una nota mínima válida para determinar la aprobación.",4,4,3,4.0,No,"Validación de configuración",Sprint 4
US-22,Configuración,Historia de usuario,"Como estudiante quiero configurar la ponderación de las evaluaciones de cada curso.","El sistema permite registrar ponderaciones válidas cuya suma corresponda al porcentaje establecido.",5,4,5,4.6,Sí,"Validación y protección de configuración académica",Sprint 3
US-23,Reportes,Historia de usuario,"Como estudiante quiero visualizar un resumen de mi rendimiento académico.","El sistema presenta un resumen de promedios y estado académico.",4,3,3,4.2,Sí,"Acceso autenticado",Sprint 4
US-24,Interfaz,Historia de usuario,"Como estudiante quiero utilizar una interfaz sencilla para consultar rápidamente mis notas.","La información principal debe ser visible y accesible mediante una navegación sencilla.",4,3,3,4.2,No,"Evitar exposición accidental de información",Sprint 1
US-25,Arquitectura,Tarea técnica,"Como equipo queremos configurar la arquitectura base de la aplicación móvil.","La estructura inicial del proyecto queda configurada y permite iniciar el desarrollo.",3,5,5,3.8,No,"Configuración segura del proyecto",Sprint 1